{"cameraMode":{"drawMode":0,"name":"Shaded","section":"Shading Mode"},"sceneLighting":false,"audioPlay":false,"sceneViewState":{"m_AlwaysRefresh":false,"showFog":true,"showSkybox":false,"showFlares":true,"showImageEffects":true,"showParticleSystems":true,"showVisualEffectGraphs":true,"m_FxEnabled":true},"in2DMode":false,"pivot":{"x":37.91002655029297,"y":7.463766574859619,"z":17.687244415283204},"rotation":{"x":-0.3677067756652832,"y":-0.03430648148059845,"z":0.013575183227658272,"w":-0.9292144775390625},"size":50.557003021240237,"orthographic":false}